{
    "HONDA": {
        "City": {"Bonnet": 15000, "Bumper": 10000, "Dickey": 8000, "Door": 20000, "Fender": 5000, "Light": 3000, "Windshield": 8000},
        "Amaze": {"Bonnet": 12000, "Bumper": 8000, "Dickey": 6000, "Door": 18000, "Fender": 4000, "Light": 2500, "Windshield": 7000},
        "WR-V": {"Bonnet": 16000, "Bumper": 11000, "Dickey": 9000, "Door": 22000, "Fender": 6000, "Light": 3500, "Windshield": 9000},
        "Jazz": {"Bonnet": 14000, "Bumper": 9000, "Dickey": 7000, "Door": 19000, "Fender": 4500, "Light": 2800, "Windshield": 8000},
        "HR-V": {"Bonnet": 18000, "Bumper": 12000, "Dickey": 10000, "Door": 24000, "Fender": 7000, "Light": 4000, "Windshield": 10000},
        "Pilot": {"Bonnet": 22000, "Bumper": 15000, "Dickey": 13000, "Door": 28000, "Fender": 8000, "Light": 5000, "Windshield": 12000},
        "CR-V": {"Bonnet": 20000, "Bumper": 13000, "Dickey": 11000, "Door": 26000, "Fender": 7500, "Light": 4500, "Windshield": 11000},
        "Accord": {"Bonnet": 22000, "Bumper": 15000, "Dickey": 13000, "Door": 28000, "Fender": 8000, "Light": 5000, "Windshield": 12000},
        "Civic": {"Bonnet": 18000, "Bumper": 12000, "Dickey": 10000, "Door": 24000, "Fender": 7000, "Light": 4000, "Windshield": 10000}
    },
    "MARUTI SUZUKI": {
        "Swift": {"Bonnet": 10000, "Bumper": 7000, "Dickey": 5000, "Door": 15000, "Fender": 3000, "Light": 2000, "Windshield": 6000},
        "Baleno": {"Bonnet": 12000, "Bumper": 8000, "Dickey": 6000, "Door": 18000, "Fender": 4000, "Light": 2500, "Windshield": 7000},
        "Vitara Brezza": {"Bonnet": 14000, "Bumper": 9000, "Dickey": 7000, "Door": 20000, "Fender": 4500, "Light": 2800, "Windshield": 8000},
        "Wagon R": {"Bonnet": 12000, "Bumper": 8000, "Dickey": 6000, "Door": 18000, "Fender": 4000, "Light": 2500, "Windshield": 7000},
        "Ertiga": {"Bonnet": 16000, "Bumper": 11000, "Dickey": 9000, "Door": 22000, "Fender": 6000, "Light": 3500, "Windshield": 9000},
        "Grand Vitara": {"Bonnet": 18000, "Bumper": 12000, "Dickey": 10000, "Door": 24000, "Fender": 7000, "Light": 4000, "Windshield": 10000}
    },
    "TOYOTA": {
        "Corolla": {"Bonnet": 20000, "Bumper": 13000, "Dickey": 11000, "Door": 26000, "Fender": 7500, "Light": 4500, "Windshield": 11000},
        "Camry": {"Bonnet": 22000, "Bumper": 15000, "Dickey": 13000, "Door": 28000, "Fender": 8000, "Light": 5000, "Windshield": 12000},
        "Fortuner": {"Bonnet": 25000, "Bumper": 17000, "Dickey": 15000, "Door": 30000, "Fender": 9000, "Light": 6000, "Windshield": 14000},
        "Innova": {"Bonnet": 23000, "Bumper": 16000, "Dickey": 14000, "Door": 29000, "Fender": 8500, "Light": 5500, "Windshield": 13000},
        "Yaris": {"Bonnet": 18000, "Bumper": 12000, "Dickey": 10000, "Door": 24000, "Fender": 7000, "Light": 4000, "Windshield": 10000}
    },
    "HYUNDAI": {
        "i20": {"Bonnet": 15000, "Bumper": 10000, "Dickey": 8000, "Door": 20000, "Fender": 5000, "Light": 3000, "Windshield": 8000},
        "Creta": {"Bonnet": 18000, "Bumper": 12000, "Dickey": 10000, "Door": 24000, "Fender": 7000, "Light": 4000, "Windshield": 10000},
        "Verna": {"Bonnet": 16000, "Bumper": 11000, "Dickey": 9000, "Door": 22000, "Fender": 6000, "Light": 3500, "Windshield": 9000},
        "Venue": {"Bonnet": 17000, "Bumper": 11500, "Dickey": 9500, "Door": 23000, "Fender": 6500, "Light": 3750, "Windshield": 9500},
        "Tucson": {"Bonnet": 20000, "Bumper": 13000, "Dickey": 11000, "Door": 26000, "Fender": 7500, "Light": 4500, "Windshield": 11000}
    },
    "NISSAN": {
        "Altima": {"Bonnet": 18000, "Bumper": 13000, "Dickey": 11000, "Door": 24000, "Fender": 7000, "Light": 4000, "Windshield": 10000},
        "Rogue": {"Bonnet": 20000, "Bumper": 14000, "Dickey": 12000, "Door": 26000, "Fender": 7500, "Light": 4500, "Windshield": 11000},
        "Sentra": {"Bonnet": 17000, "Bumper": 12000, "Dickey": 10000, "Door": 22000, "Fender": 6500, "Light": 3750, "Windshield": 9500},
        "Pathfinder": {"Bonnet": 18000, "Bumper": 13000, "Dickey": 11000, "Door": 24000, "Fender": 7000, "Light": 4000, "Windshield": 10000},
        "Titan": {"Bonnet": 20000, "Bumper": 14000, "Dickey": 12000, "Door": 26000, "Fender": 7500, "Light": 4500, "Windshield": 11000}
    },
    "SKODA": {
        "Octavia": {"Bonnet": 20000, "Bumper": 14000, "Dickey": 12000, "Door": 26000, "Fender": 7500, "Light": 4500, "Windshield": 11000},
        "Superb": {"Bonnet": 22000, "Bumper": 15000, "Dickey": 13000, "Door": 28000, "Fender": 8000, "Light": 5000, "Windshield": 12000},
        "Rapid": {"Bonnet": 18000, "Bumper": 12000, "Dickey": 10000, "Door": 24000, "Fender": 7000, "Light": 4000, "Windshield": 10000},
        "Kodiaq": {"Bonnet": 22000, "Bumper": 15000, "Dickey": 13000, "Door": 28000, "Fender": 8000, "Light": 5000, "Windshield": 12000},
        "Karoq": {"Bonnet": 19000, "Bumper": 13500, "Dickey": 11500, "Door": 25000, "Fender": 7250, "Light": 4250, "Windshield": 10500}
    }
}